0,blank,blank1,12พลัสสเนลไวท์,12 Plus Snail whit2,3เอ็มสก๊อตซ์ไบรต์,3M Scotch Brite3,ก๊อปปี้แอนด์เลเซอร์,Copy & Laser4,เอชพี,HP5,เกีย,KIA11,ก๊กเลี้ยง,Kok Liang12,กระทิงแดง,Redbull13,กรีนการ์เด้น,Green Garden14,กังหัน,House15,กัสเซ็น,Gussen16,กาโตะ,Kato17,กานิเย่,Garnier19,การ์นิเย่ สกิน,Garnier Skin20,การ์นิเย่ไลท์,Garnier Light21,การ์นิเย่ไลท์คอมพลีท,Garnier Light Complete22,กิเลนคู่,Double Kilin23,กีวี,KIWI24,กุ๊ก,Cook25,กูลิโกะป๊อกกี้,Glico Pocky26,กูลิโกะพีจอย,Glico Pejoy27,กูลิโกะแอลฟี่,Glico alfie28,เกรซ,Grace29,เกลดเซนเต็ด,Glade scentd30,เกษตร,Kaset31,เกสร,Gaysorn32,แกสบี้แว๊กซ์,Gatsby Wax33,โก๋แก่,Koh-Kae34,โกโก้ดัทช์,Cocoa Dutch35,โกโก้ริช,Cocao Rich36,โกปิโก้,Kopiko38,ข้าวเบญจรงค์,Benjarong Rice39,ข้าวแสนดี,Sandee rice40,เขาช่อง,Khao Shong41,เขาช่อง3in1,Khao Shong 3 in 143,เขาช่อง3in1ซุปเปอร์ริช,Khao Shong 3 in 1 Super rich44,คนอร์,Knorr45,คนอร์รสทิพ,Knorr Rostip46,ครัววังทิพย์,KRUAWANGTHIP47,คราฟท์,Kraft48,คราฟท์ฟิลาเดลเฟีย,Kraft Philadelphia49,คริสตัล,Crystal50,คลีนแอนด์เคลียร์,Clean & Clear51,คลีโอ,Cleo52,ควอนตั้ม,Quantum53,ควอลิตี้,Quality54,คอนเน่,Cornae55,คอนเน่ไพร์ม,CORNAE PRIME56,คอปป,Copp57,คอมฟอร์ท,Comfort58,คอมฟอร์ทเพียว,Comfort Pure59,คอมฟอร์ทลักชัวรี่,Comfort Luxury60,คอมฟอร์ทลักชัวรี่เนเชอร์เอนชานท์,Comfort Luxury Nature Enchanted61,คอมฟอร์ทอัลตร้า,Comfort Ultra62,คอลเกต,Colgate63,คอลเกตเฮอเบิ้ลซอลต์,Colgate Herbal Salt64,คาชิวา,Kashiwa65,คานิ,Kani66,คานิแฟมมิลี่,Kani Family67,คานิแฟมิลี่ซีเล็คชั่น,Kani Family Selection68,คานิโอ,Kani-O69,คาเฟ่เฮ้าส์,Kafe House70,คายาริ,Kayari71,คาร์เนชั่น,Carnation72,คาราบาว,Carabao73,คาราบาวแดง,Carabao Dang74,คาโรไลน์,Caroline75,คาสิโอ,CASIO77,คิง,King78,คิงส์สเตลล่า,Kingstella79,คิทแคท,Kitkat80,คิวบิซ,Q-BIZ81,คิวพี,Kewpie82,คูลพลัส,Kool Plus83,เคลล็อกส์,kellogg's84,เคลล็อกส์คอร์นเฟลกส์,Kellogg's Corn Flakes85,เคลล็อกส์ฟรอสตี้,Kellogg's Frosties86,เคลียร์,Clear87,เควกเกอร์,Quaker88,เคเอ,KA91,แคมเบลล์,Campbell's92,แคมปัส,Campus93,แคร์,Care95,แคริ่งคอนทัวร์,Caring Contour96,แดรี่ฟาร์ม,Dairy Farm98,โค้ก,Coca-Cola99,โคโดโม,Kodomo100,โคฟี่,Cofe101,โคฟี่ทีเฟส,Cofe Teafes102,โคอะลามาร์ช,Koala's March103,ง่วนเชียง,Nguan Chiang104,งูเซนลุกซ์,Snake Brand St. Luke’s105,ตราจรวด,Rocket106,จระเข้,Crocodile107,จริงใจ,Jingjai108,จอห์นสัน,Johnson's109,จอห์นสันเบบี้บาธมิลค์,Johnson's baby bath milk110,จับใจ,Jub Jai111,จายา,Jaya112,จินเจน,GinGen113,จิฟ,Jif114,จีพีแบตเตอรี่,GP Batteries115,จีเอสพี,GSP116,จีเอสบี,GSB117,จูนิเปอร์,Juniper119,ดับบลิวดี สี่สิบ,WD-40120,เจดีย์คู่,Double Pagoda121,เจพีเอ็ม,JPM122,เจเล่บิวตี้,Jele beautie123,เจอร์เก้นส์,Jergens124,เจอร์ไฮ,JerHigh125,แจ็กซ์,Jacks126,ฉลากเงิน,Cha-Lark-Ngurn127,ฉลามขาว,White Shark130,ฉัตรอรุณ,Chataron131,ฉั่วฮะเส็ง,Chua Ha Seng132,ชบา,Chabaa133,ชวาร์ฟคอร์ฟเฟรชไลท์,Schwarzkopf Fresh Light134,ชวาร์สคอฟพาเลตต์,Schwarzkopf Palette135,ชเวปส์,Schweppes136,ช้าง,Chang137,ช้างเวป,Chang Vape138,ชาร์ป,Sharp139,ชาวเกาะ,Chaokoh140,ชาวนาไทย,Thai Farmer141,เชนไดร้ท์,Chaindrite142,เชนไดร้ท์1,Chaindrite1143,เชสเดล,Chesdale144,แชมเปี้ยน,Champion145,โชกี้ โชกี้,Choki Choki146,โชกุบุซึ,Shokubutsu147,ซอฟเฟล,Soffel148,ซอลส์,Salz149,ซอลส์เฟรช,Salz Fresh150,ซีเอสซี,CSC151,ซันซิล,Sunsilk152,ซันเด้นอินเตอร์คูล,Sanden Intercool153,ซันนี่,Sunny154,ซันเบลส,Sun Bless155,ซันไลต์,Sunlight157,ซันสแนค,Sunsnack159,ซันสแนคแซ่บ,Sunsnack Saab160,ซัมซุง,Samsung161,ซากุระ,Sakura164,ซานเบเนเดตโต,San Benedetto165,ซาลิมิ,Salimi166,ซิตร้า,Citra167,ซิตร้าเบอรรี่ไวท์,Citra Berry White168,ซิตร้าเพิร์ลลี่ไวท์ยูวีนูทริ-เซรั่ม,Citra Pearly White UV Nutri-Serum169,ซิลค์คอตตอน,Zilk kotton170,ซิลค์จัมโบ้,Zilk Jumbo171,ซีกัล,Seagull172,ซีคราวน์,SEA CROWN173,ซีซาร์,Cesar174,ซีพี,CP175,ซีมอน,Semon176,ซีเล็ค,Sealect178,ซุปเปอร์ซีเรียล,Super Cereal179,ซุเปอร์เซฟ,Superchef180,ซูกัส,Sugus181,ซูเปอร์เซฟ,SuperChef183,เซ็นโซดายน์มัลติแคร์,Sensodyne Multi Care184,เซนด์แอนดรูว์,ST. ANDREWS185,เซ็ปเป้บิวติดริ้งค์,Sapp? Beauti Drink186,เซ็ปเป้อโลเวร่าดริ้งค์,Sapp? Aloe Vera Drink187,เซพแพ็ค,Savepak188,เซลล็อกซ์,Cellox189,เซเว่นอัพ,7-Up190,เซอร์เทนตี้,Certainty191,เซอร์เทนตี้,Certainty Super Pants192,เซอร์เทนตี้เดย์แพ้นส์,Certainty DayPants193,เซียงไฮ,Sanghai194,แซม-บัค,Zam-Buk195,โซฟี,Sofy196,โซฟีคอมแพคสลิม,Sofy Compact Slim197,โซฟีแอร์ฟิตคูลลิ่งเฟรช,Sofy Air Fit Cooling Fresh198,โซฟีแอร์ฟิตคูลลิ่งเฟรชซูเปอร์แอ็กทิฟสลิม,Sofy AirFit Cooling Fresh Super Active Slim199,โซฟีแอร์ฟิตซูเปอร์แอ็กทิฟสลิม,Sofy AirFit Super Active Slim200,โซเล่คาเฟ่,Sole caf?201,โซเล่คาเฟ่แบล็ค,Sole Caf? Black202,ไซออสรีแพร์โททอลรีนิว,Syoss Repair Total Renew203,ดร.มนตรี,Dr. Montri204,ดราก้อนทังค์,Dragon tongue205,ดอกบัว,Dorkbua206,ดอกบัวคู่,Dok Bua Ku/Twin Lotus207,ดอกบัวคู่,Twin Lotus208,ดอยคำ,DOI KHAM209,ดัชชี่,Dutchie210,ดัชมิลค์,Dutchmill211,ดัชมิลล์4อิน1,Dutch Mill 4in1212,ดัชมิลล์คิดส์,Dutch Mill Kids213,ดัชมิลล์ซีเล็คเต็ด,Dutch Mill Selected214,ดับเบิ้ลเอ,Double A215,ดาต้า,Data216,ดาร์ลี่,Darlie217,ดาร์ลี่เกลือถ่านชาร์โคลไวท์เทนนิ่ง,Darlie Salt Charcoal Whitening218,ดาร์ลี่เกลือเฟรช,Darlie Salt Fresh219,ดาร์ลี่ดับเบิ้ลแอคชั่น,Darlie Double Action221,ดาร์ลี่ออลล์ชายนี่ไวท์เลมอนมินต์,Darlie All Shiny White Lemon Mint222,ดาวน์นี่,Downy223,ดาวน์นี่ซันไรซ์เฟรช,Downy Sunrise Fresh224,ดาวน์นี่แดร์ริ่ง,Downy Daring226,ดาวน์นี่มีสทีค,Downy mystique228,ดีโด้,DeeDo229,ดูเม็กซ์,Dumex230,ดีน่า,Dena231,ดูเม็กซ์ดูโกรซูเปอร์มิกซ์,Dumex Dugro Supermix232,ดูเม็กซ์ดูมิลค์3ฅอมพลีตแฅร์,Dumex Dumilk 3 Komplete Kare233,เด็กสมบูรณ์,Healthy Boy234,เด็กสมบูรณ์,Deksomboon235,เดนทีน,Dentyne236,เดลี่เฟรช,Daily Fresh237,เดอะคูล,The Cool238,แดรี่วิป,Dairy Whip239,โดโซะ,Dozo240,โดฟ,Dove241,ไดมารู,Daimaru242,ต้นสน,Ton-Son243,ตราเกษตร,Kaset244,ตรางูปริกลี่ฮีท,Snake Brand Prickly Heat245,ตรางู,Snake Brand246,ตราจระเข้,Crocodile brand247,ตราจริงใจ,Jing-Jai248,ตราช้าง,Elephant Brand249,ตราปลาไทย5ดาว,Fish Brand Five Star250,ตราปลาหมึก,Squid brand251,ตราพิกุลแก้ว,Pikul Khaw Brand252,ตราม้า,Horse253,ตราหมี,Bear Brand254,ตราหมีโกลด์ไวท์มอลต์,Bear Brand Gold White Malt255,ตราหมีแอดวานซ์โพรเท็กซ์ชันพลัส,Bear Brand Advance Protextion Plus256,ตราหอยหลอด,Razor Clam258,ตะวัน,Tawan259,ตูมตาม,Toom-Tam260,โตชิบา,Toshiba261,โตฟู,Tofu262,เถ้าแก่น้อย,Taokaenoi263,ทรอส,Tros264,ทรูสเลนซูคาโรส,Truslen Sucralose265,ทวิสคอร์นใจแอนท์,Twist Corn Giant266,ทเวลฟ์พลัส,12 PLUS268,ทองการ์เด้น,Tong garden269,ทับทิม,TubTim270,ทาคูมิอายิ,Takumi Aji271,ทาบาสโก้,Tabasco272,ทาโร่,Taro273,ทิปโก้,Tipco274,ทิปโก้สควีซ,Tipco Squeeze275,ทิวลิป,Tulip276,ทิวลี่ทวิน,Tivoli Twin277,ทีจีเอ็ม,TGM278,ทีซีบี,TCB279,ทีซีแอล,TCL280,ทีพอท,Tea Pot281,ทีพอทเอ็กซ์ตร้า,Teapot Extra282,เทนโซพล๊าส,Tensoplast283,เทนเดอร์,Tendre284,เทรซาเม่เคราตินสมูท,Tresemm? Keratin Smooth285,เทสโต,Tasto286,เทสโตวาฟเฟิล,Tasto waffle287,ไทเกอร์พล๊าส,Tigerplast288,ไทย-เดนมาร์ค,Thai-Denmark289,ไทยชูรสตราชฎา,Thai Churos TraChada290,ไทยรวงขวัญ,Thai ruang kwan291,ไทโย,Taiyo292,นกแก้ว,Parrot293,นกนางนวล,Seagull294,นกพิราบคู่,Double Pigeon brand295,นกเหยี่ยว,Falcon296,นกเหยื่ยวฟอลคอล,Falcon Brand297,นอติลุส,Nautilus298,นอติลุสไลท์,Nautilus Lite299,นันตา,Nanta300,นากาโน,Nakano301,นาทรีฟบีบียูวีพาวเดอร์,Natriv BB UV Powder302,นาโน,Nano303,น้ำพุ,Numpu304,นิชชินหมีพู,Nissin Pooh305,นิสชิน,Nissin306,นิสชินคัพนูดเดิล,Nissin Cup Noodles307,นีเวีย,Nivea308,นีเวียเพิร์ลแอนด์บิวตี้,Nivea Pearl & Beauty309,นีเวียเมนแบล็คแอนด์ไวท์,Nivea men blank & white310,นีเวียเมนอินวิซิเบิ้ลฟอร์แบล็คแอนด์ไวท์,Nivea men invisible for blank & white311,นีเวียไวท์แอคเน่มัดโฟมฟอร์เมน,Nivea white acne mud foam for men312,นีเวียเอ็กซ์ตร้าไวท์,Nivea Extra White314,นีเวียเอ็กซ์ตร้าไวท์เทนนิ่ง,Nivea Extra Whitening315,นีโอแคล,Neocal316,นูดดี้,Nooddy317,เน็กซ์แคร์,Nexcare318,เนเจอร์กิฟ,Naturegift319,เนเชอรัล,Natural321,เนปจูน,Neptune322,เนสกาแฟ,Nescafe323,เนสกาแฟ3อิน1เบลนด์แอนด์บรู,Nescafe 3 in 1 Blend and Blue324,เนสกาแฟโกลด์,Nescafe Gold326,เนสกาแฟเรดคัพ,Nescafe red cup327,เนสกาแฟไอซ์คาเฟ่สไตล์,Nescafe Ice Caf? Style329,เนสท์เล่,Nestle330,เนสท์เล่โกโก้ครั้นช์,Nestle Koko Krunch331,เนสท์เล่ครีมาท็อป,Nestle Krematop332,เนสท์เล่คอฟฟีเมต,Nestle Coffee-Mate333,เนสท์เล่คอร์นเฟลกส์,Nestle Corn Flakes334,เนสท์เล่คาร์เนชันวันพลัสพลัสสมาร์ทโก,Nestle Carnation 1+ Smartgo335,เนสท์เล่ซีรีแล็คผสมนม,Nestle Cerelac with Milk336,เนสที,Nestea338,บรีส,Breeze339,บรีสเพาเวอร์เทอร์โบ,Breeze power turbo340,บรีสเอกเซล,Breeze Excel341,บรีสเอกเซลคอมฟอร์ท,Brezze excel Comfort342,บรีสเอกเซลลิควิดคอมฟอร์ท,Brezze excel liquid Comfort343,บอนโอบอน,Bon o Bon344,บันบัน,Bun Bun345,บัลแกเรีย,Bulgaria346,บัวชมพู,Bua Chomphu347,บ้านไผ่,Ban Pai348,บิ๊กโวลต์,Big Volt349,บิสชิน,Bissin350,บิโอเร,Bior?351,บิโอเรยูวีอควาริชไวท์เทนนิ่ง,Biore UV Aqua Rich Whitening352,บิโอเรยูวีแอนตี้โพลูชั่นบอดี้แคร์เซรั่ม,Biore UV Anti-Pollution Body Care Serum353,บีเคพี,BKP354,บีทาเก้น,Betagen355,บีทาเก้นไลท์,Betagen Light357,บีเอ็มพี,BMP358,บีโอเรเซรั่มยูวีบอดี้ไวท์,Biore Serum Uv Body White359,เบงเบง,Beng Beng360,เบญจรงค์,Benjarong Rice361,เบทาโกร,Betagro362,เบนโตะ,Bento363,เบบี้มายด์,Babi mild364,เบบี้มายด์สวีทตี้พิ้งค์พลัส,Babi Mild Sweety Pink Plus365,เบบี้มายด์อัลตร้ามายด์,Babi Mild Ultra Mild366,เบบี้เลิฟเดย์แพ้นท์,Baby Love DayPants367,เบสท์ฟู้ดส์,Best Foods369,เบอร์ดี้,Birdy370,เบอร์ดี้โรบัสต้า,Birdy Robusta371,เบอร์ทอลลี่,Bertolli373,เบิร์ดวิงส์,Birdwings374,แบรนด์,Brand's375,แบรนด์เจนยู,Brand's gen U376,แบรนด์วีต้า,Brand's Vita377,แบรนด์วีไลค์,Brand's We-Like378,โบนัส,Bonus380,ไบกอน,Baygon381,ไบเล่,Bireley's382,ไบโอเซฟตี้,Biosafety383,ไบโอเซฟตี้เพอร์เฟคคลีน,Biosafety Perfect Clean384,ไบโอเซฟตี้สมายล์,Biosafety Smile385,ปลาทอง,Gold Fish386,ป๊อป,Pop387,ป๊อปเอ็กซ์เพรส,Pop Express389,ปาปริก้า,Paprika390,ปาร์ตี้,Party391,ปาร์ตี้ครองแครง,Party Krongkrang392,ปาร์ตี้ดอรี่,Party Dory393,ปาร์ตี้มิกซ์,Partty Mix394,ปิ่นเงิน,Pin Ngoen395,ปีโป้,PIPO396,ปุ้มปุ้ย,Pumpui397,ปูไทย,PuThai398,เป็ด,Duck400,เป็ดโปร,DuckPro401,เป็ดมิสเตอร์มัสเซิลโปร,Duck Mr.MusclePro402,เป๊ปซี่,Pepsi403,เปเปอร์เมท,Paper Mate404,เปรียว,Preaw405,เปรียวฟูดส์,Priewfood406,เปอริเอ้,Perrier407,เปาซอฟท์นาโนเทค,Pao Soft Nano Tech408,เปาซิลเวอร์นาโน,Pao Silver Nano409,เปาวินวอช,Pao Win Wash410,เปาวินวอชซอฟท์,Pao Win Wash Soft411,เปาไวท์นาโนเทค,Pao White Nano Tech413,เป๊ปซี่แม็กซ์,Pepsi Max414,โปรชีสเชดด้า,Prochiz Cheddar415,โปรเทค,Protech416,โปรโปรเฟสชั่นแนล,Pro Professional417,ผึ้งหลวง,Phueng Luang418,ไผ่แดง,Paidang419,พรวิภา,Pornvipa420,พริงเกิลส์,Pringles421,พรีโก้,Prego422,พอนด์ไวท์บิวตี้,Pond's white beauty423,พอนลีน,Pauly424,พันดี,Pun Dee425,พันท้ายนรสิงห์,Pantainorasingh426,พาชิโอ,Paseo427,พานาโซนิค,Panasonic428,พาราแคพ,Paracap429,พาสควาล,Pascual430,พินน์,Pinn431,พีเดียชัวร์คอมพลีท,Pediasure Complete432,พีเดียชัวร์,Pediasure433,พีอาร์,PR434,พีเอฟพี,PFP435,พีแอนด์พี,P&P436,เพดดิกรี,Pedigree437,เพดดิกรีเดนต้าสติก,Pedigree Dentastix438,เพ็ทส์เฟรนด์,Petz Friend439,เพรียวคอฟฟี่,Preaw Coffee440,เพอร์เฟคอิตาเลียโน,Perfect Italiano441,เพียวริคุ,Puriku442,เพียวริน่าฟริสกี้ส์,Purina Friskies443,แพนทีน,Pantene445,โพรเทค,Protech446,โพรเทคส์,Protex447,โพรเทคส์พรอพโพลิส,Protex Propolis448,โพรเทคส์พิงค์คูล,Protex Pink Cool449,โพรเทคส์เฟรช,Protex Fresh450,โพรเทคส์สปอร์ต,Protex Sport451,โพรเทคส์ไอซ์ซี่คูล,Protex Icy Cool452,โพลาริส,Polaris453,โพลิเดนท์,Polident454,ฟริสกี้ส์,Friskies455,ฟลูโอคารีล,Fluocarill456,ฟันโอ,FUN-O457,ฟ้าไทย,Fa Thai458,ฟาร์เซ้นต์,Farcent459,ฟาร์มฟริต,Farm Frites460,ฟาวน์เท่น,Fountain461,ฟิจิ,Fiji462,ฟิลิปส์,Philips463,ฟูโด้,Fudo464,เฟรชแอนด์ซอฟท์,Fresh & Soft465,เฟสต้า,Festa466,แฟนต้า,Fanta467,แฟ้บเมติก,Fab Matic469,แฟร์ฮันนีมูนวาเลนไทม์,Faire honeymoon valentine470,โฟร์โมสต์,Foremost471,โฟร์โมสต์โอเมก้า 3.6.9,Foremost Omega 3.6.9472,โฟร์โมสต์โอเมก้าโกลด์,Foremost Omega Gold473,ไฟน์ไลน์,Fineline474,ภูเขาทอง,Golden Mountain476,เภสัช,Bhaesaj478,มงกุฎทะเล,Mongkut Talay480,มโนห์รา,Manora482,มรกต,Morakot483,มหามงคล,Mahamongkol484,มอคโคน่า,Moccona485,มอคโคน่าทรีโอ,Moccona Trio486,มองต์เฟลอ,mont fleur488,มอลคิสท์,Malkist489,มะลิ,Mali490,มะลิโกลด์,Mali Gold491,มาจิคลีน,Magiclean492,ม้าบิน,Mabin493,มาม่า,Mama494,มาม่าคัพ,Mama Cup495,มาม่าบิ๊กแพค,Mama Big Pack496,มามี่โพโคแพ้นท์,Mamy Poko Pants497,มามี่โพโคแพ้นส์เอ็กตร้าซอฟท์,Mamy Poko Pants Extra Soft498,มายมิ้นท์บอล,Mymint Ball499,มาร์โก,Marco500,มารุโกะ,Maruko501,มาลี,Malee502,มาลีทรอปิคอล,Malee Tropical503,มาสเตอร์คูลไอ-คูล,MASTERKOOL I-KOOL504,มาสเตอร์อาร์ต,Master Art505,มิตซูบิชิ,Mitsubishi506,มิตรผล,Mitr Phol507,มิตรผลโกลด์,Mitr Phol Gold508,มินกวง,Mingoa509,มินิทเมด,Minute Maid510,มิรินด้า,Mirinda511,มิลแล็คโกลด์,Millac Gold512,มิลแลคคุกกิ้ง,Millac Cooking513,มีโอ,Me-O514,เมกาเชฟ,Megachef515,เมจิก ฟาร์ม,Magic Farm516,เมจิบัลแกเรีย,Meiji Bulgaria517,เมนทอส,Mentos518,แม็กกาแรต,Magarate519,แม็กกี้,Maggi520,แม็กซ์,Max521,แมกโนเลีย,Magnolia522,แมกโนเลียกิงโกะพลัส,Magnolia ginkgo plus524,แม็คคอร์มิค,McCormick525,แมนซั่ม,Mansome526,แม่ประนอม,Mae Pranom527,โมคิ,Moki528,โมเดส,Modess529,โมเดสซีเคียว,Modess Secure530,โมนินี่,Monini531,ไมก้า,Mica532,ไมโล,Milo533,ไมโลแอคทิฟ-โก,Milo Activ-Go534,ยำยำจัมโบ้,Yum Yum Jumbo535,ยิลเลตต์ซุปเปอร์ธินทู,Gillette Super thin II536,ยิลเลตต์บลูทูพลัส,Gillette Blue II Plus537,ยูกิ,Yuki538,ยูนิเทป,Unitape539,ยูนิฟ,Unif 540,ยูนิฟทีบาเล่เชค,Unif T Bal? Shake541,ยูปี้,Yupi542,ยูโรเค้ก,Euro Cake543,เย็นเย็น,Yen Yen544,โยเฟรน,Yo Friend545,โยยา,YOYA547,รสดี,Rosdee548,รสดีเมนู,Rosdee Menu549,รักไทย,Ruk-Thai550,ราชาชูรส,RACHA SODIUM GLUTAMATE551,ริชเชส,Richesse552,รีจอยส์,Rejoice553,รีจอยส์ซอฟ&สมูท,rejoice soft and smooth554,เรนเจอร์สเก้าท์,Ranger Scout555,เรนองที,Ranong Tea 3 in 1556,โรซ่า,Roza557,โรทริง,Roting558,โรลเลอร์โคสเตอร์,Roller Coaster559,โรลเลอร์โคสเตอร์มินิ,Roller Coaster Mini560,ไร่ทิพย์,Raitip562,ลอรีอัล,L'oreal564,ลอรีเอะซอฟท์แอนด์เซฟ,Laurier Soft & Safe565,ลอรีเอะซอฟท์แอนด์เซฟสลิม,Laurier Soft & Safe Slim566,ลอรีเอะซุปเปอร์อัลตร้าสลิม,Laurier Super Ultra Slim568,ลักส์,LUX569,ลักส์ซอฟท์ทัช,Lux Soft Touch570,ลักส์บิวตี้,Lux beauty571,ลิตเติ้ลเชฟ,Little Chef572,ลิปตัน,Lipton573,ลิปตันกรีนทีเฟรซ,LIPTON GREEN TEA FRESH574,ลิสเตอร์รีนคูลมิ้นต์,Listerine cool mint575,ลิสเตอร์รีน,Listerine576,ลิสเตอรีนเฮลตี้ไบรท์,Listerine healthy bright577,ลีแอนด์เพอร์รินส์,Lee & Perrin578,ลีโอ,LEO579,ลูกศรฟ้า,Blue Arrow580,เลย์2in1,Lay's 2in1581,แลคตาซอย,Lactasoy582,แลตตาซอย,Lactasoy583,โลตัส,Lotus584,โลโบ,Lobo585,โลแลนเนเจอร์โค้ด,Lolane Nature Code586,ไลปอน,Lipon587,ไลปอนเอฟ,Lipon F588,ไลฟ์รี่,Lifree589,วอยซ์,Voiz590,วอลล์,Wall’s591,วาสลีน,Vaseline592,วาสลีนไวท์,Vaseline White593,วาสลีนเฮลธี้ไวท์เซรั่ม,Vaseline Healthy White Instant Fair Serum594,วิกซอล,Vixol595,วิคเตอร์,Victor596,วิสกัส,Whiskas597,วิสกัสเทมเทชันส์,WHISKAS TEMPTATIONS598,เวชพงศ์,Vejpong599,แวนฮูเต็น,Vanhouten600,ไวตามิ้ลค์,Vitamilk601,ไวตามิ้ลค์ดับเบิ้ลแบล็ค,Vitamilk Double Black602,ไวตามิ้ลค์ทูโก,Vitamilk To Go604,ไวไว,Wai Wai605,ไวไวควิก,Wai Wai Quick606,ไวไวคัพ,Wai Wai Cup607,ส.ขอนแก่น,S.Khonkaen609,สก๊อตซ์ไบรต์,Scotch Brite610,สก๊อตต์,Scott611,สก็อตต์คลีนแคร์,Scott Clean Care612,สก๊อตต์ทาวเวล,Scott Towels613,สก๊อตต์เอ็กซ์ตร้า,Scott extra615,สก๊อตเพียวเร่,Scotch Puree617,สก๊อตรอเยลพรีเมี่ยม,Scotch Royale Premium618,สติ๊กโก้ฟิงเกอร์,Stikko Fingers619,สเต็ดเล่อร์,Staedtler620,สแน็คแจ๊ค,Snack Jack621,สโนวี่,SNOWY622,สปริงโฮม,Spring Home623,สปอนเซอร์,Sponsor624,สปอนเซอร์แอคทีฟ,Sponsor Active625,สปาร์คเคิล,Sparkle626,สไปร์ท,sprite627,สมาร์ทฮาร์ท,Smartheart628,สวนไทย,Suan Thai629,สามแม่ครัว,Three Lady Cooks630,สายน้ำผึ้งศิริชิน,Sainampueng Sirichin632,สายฝน,Sai Fon633,สิงห์,SINGHA634,สุขุม,Sukum635,สุรพลฟู้ดส์,Surapon Foods636,แสนดี,Sandee637,หงษ์ทอง,Hongtong638,หนองโพ,Nongpho639,หมูยิ้ม,Mooyim640,หอมสุวรรณ,Homsuwan641,ห่านฟ้า,Hanfa642,อควาฟิน่าวิตซ่า,Aquafina Vitzaa644,อโคเนติก,Aconatic645,องุ่น,A-Ngoon646,อโนอีคิว,Ano. EQ648,อร่อยดี,Aroy-D649,อลาวรี่,Allowrie650,อสร,Aorsorror651,ออตโต้,OTTO653,ออนโดลิวา,Ondoliva654,ออฟฟิศโปร,Office Pro655,ออร์คิด,Orchid656,ออร์คิดคลาสสิค,Orchid Classic658,ออรัลบี,Oral-B660,ออลโคโค,All coco661,อะโคเนติค,Aconatic662,อะยัม,Ayam663,อังเคิลบาร์นส์,Uncle Barns664,อัลโป,Alpo665,อัลเฟรโด,Alfredo667,อาเจบิ๊กโคล่า,AJE Big Cola668,อาเซปโซ,Asepso669,อาทเจ็ทโกลด์,Ars Jet Gold670,อาโทริ,ARTORI671,อิควล,Equal672,อิงอร,IIng On673,อิชิตัน,Ichitan674,อิชิตันเย็นเย็น,Ichitan Yen Yen675,อิมพีเรียล,Imperial676,อิมาร์เฟล็กซ์,Imarflex677,อีซี่,E ZEE678,อีบีสปรดเอเบิล,EB Spread Able679,อีโรส,Eros680,เอ็กซ์ตร้า,Extra681,เอนชัวร์,Ensure682,เอนฟาโกร3สมาร์ทพลัส,Enfagrow 3 Smart+683,เอนฟาโกรเอพลัส,Enfagrow A+684,เอนฟาโกรเอพลัส360?ดีเอชเอพลัส3,Enfagrow A+ 360? DHA Plus 3685,เอฟเอฟ,FF686,เอ็ม16,M16687,เอ็มบอร์ก,Emborg688,เอ็มบีเอ,MBA689,เอ็มพลัส,M PLUS690,เอ็มแอนด์เค,M&K691,เอ็มแอนด์เอ็ม,M&M692,เอโร่,aro693,เอโร่เพ็ทส์เฟรนด์,aro Petz Friend694,เอลเฟ่น,Elfen695,เอเวียง,Evian696,เอส-26,S-26697,เอส-26โปรเกรสโกลด์,S-26 Progress Gold698,เอส-26พีอีโกลด์,S-26 PE Gold699,เอสเซ้นซ์,Essence700,เอสเซ้นซ์ซูเปอร์พลัส,ESSENCE PLUS701,เอสเซ้นซ์ยูวี,Essence UV702,เอสเซนโซ่,Essenso703,เอสเพลย์,EST Play704,เอสแอนด์พี,S&P705,แอคเนซี,Agnesi706,แองเคอร์,Anchor707,แอทแทค,Attrack708,แอทแทคทรีดีคลีนแอ็คชั่น,Attack 3D Clean Action710,แอทแทคอีซี่,Attack Easy711,แอทแทคอีซี่แฮปปี้สวีท,ATTACK Easy Happy Sweet712,แอนลีน,ANLENE713,แอนลีนโกลด์,ANLENE GOLD714,แอนลีนโกลด์โบนซ์แอคทีฟ,Anlene Gold BonezActiv715,แอมบิเพอร์,Ambi Pur716,แอลจี,LG717,โอเค,Ok718,โอด์เอลปาโซ,OLD EL PASO719,โอโตริ,Otori720,โอพีเค้ก,OP Cake721,โอโม,OMO722,โอโมพลัส,OMO PLUS723,โอโมพลัสลิควิด,OMO PLUS LIQUID724,โอริโอ้,Oreo725,โอลิมเปีย,Olympia726,โอลีน,Oleen727,โอเล่,Ole728,โอเลย์โททัลไวท์,Olay Total White729,โอวัลติน,Ovaltine730,โอวัลติน3อิน1,Ovaltine 3 in1731,โอวัลตินซอยย์,Ovaltine Soy732,โอวัลตินสมาร์ท,Ovaltine Smart733,โออิชิ,Oishi734,โออิชิกรีนที,Oishi Green Tea735,โออิชิชาคูลล์ซ่า,Oishi Chakulza736,ไอซ์แลนด์สปริง,Iceland Spring737,ไอเดียแม็กซ์,Idea Max738,ไอเดียเวิร์ค,Idea Work739,ฮอทต้า,Hotta740,ฮอลล์,Halls741,ฮาตาริ,Hatari742,ฮาทเน่,Hahne743,ฮาร์ทบีท,Heartbeat744,ฮิตาชิ,Hitachi746,เฮดแอนด์โชว์เดอร์,Head & Shoulders747,เฮลส์บลูบอย,Hale's Blue Boy748,เฮอร์ชีส์,Hershey's749,เฮ้าส์จาวาเคอรี่,House Java Curry750,เฮ้าส์เวอร์มองท์เคอร์รี่,House Vermont Curry751,โฮมมี่,Homey752,ไฮ-คิว1พลัส,Hi-Q 1 Plus753,ไฮคลาส,Hiclass754,ไฮคิว,Hi-Q755,ไฮคิว1พลัสซูเปอร์โกลด์,Hi-Q 1 Plus Super Gold756,ไฮเตอร์,Haiter757,ไฮเตอร์คัลเลอร์,Haiter Color758,ไฮนซ์,Heinz759,ไฮยีน,Hygiene760,โซย่าทู,Soyatoo762,ไทยซอสเซส,TSS769,ชิห์สุ,Shih-Tzu774,ฟอร์แคร์ เทสตี้ฟิต,4CARE TASTIFIT865,น้ำทิพย์,Namthip866,ตราช้อน,Spoon867,บัวมงกุฎ,Bua Mongkut868,ไลอ้อน,Lion869,โตโร,TORO870,นมแท่ง,NOM TANG871,ทิวลี่บอล,TIVOLI BALL872,เอสโคล่า,EST COLA 873,เอ็ม150,M-150874,วอลลิค,VOLVIC 875,ซาน เพลลีกรีโน,SAN PELLEGRINO876,ไทชิ,TAICHI877,สก๊อต,Scotch880,พาเลซ,PALACE 881,ไทยเดนมาร์ค,THAI-DANISH882,แมคเคอเรล,MAKEREL 884,ตรานกพิราบ,Pigeon brand886,ต้นไผ่,TON-PAI 887,ฉลากเงิน,SILVER LABEL 888,น่ารัก,Narak889,ยินเลตต์,Gillette 890,มังกร,Dragon891,12พลัส,12 Plus 892,บีไนท์,BENICE 893,มิกซ์เฟรซ,MIXZ FRESH894,มามี่โพโค,MAMY POKO 895,ตราไก่ย่าง,Kai yang896,แลนเซอร์,LANCER897,ซีรี่ส์,Series899,โคโตบุกิไม,KOTOBUKI MAI901,ซันไลต์เนเจอร์,Sunlight Nature902,แอ็กซ์,AXE903,มิสเตอร์ มัสเซิล,Mr. Muscle904,เปาเอ็มวอช,Pao M.Wash905,วิม,Vim906,เดลฟี่บิทส์,Delfi Bits907,จูปาจุ๊ปส์,Chupa Chups908,ลอตเต้,Lotte909,เลย์,Lay910,แอคคอร์ด,ACCORD911,แอรี่,Airy912,เอปสัน,EPSON913,ไมโครแพ็ค,MicroPack914,ก๊อปปี้ พลัส,COPY PLUS915,ไอเดียกรีน,Idea Green916,เปเปอร์แม็กซ์,Paper Max917,แอโรเทค,ALTECO918,โพสต์อิท,POST IT919,เคไบค์,K-BIKE920,ทีเอ็ม,TM.921,ซินซาโน่,Zinsano922,อาร์ ซิมเปิ้ล,R-SIMPLE923,พีเอสดั๊บเบิ้ลแวร์,S.P. DOUBLE WARE924,เจ.ซี.เจ.,JCJ929,อโรม่า,Aroma930,คอฟฟี่เมต,Coffee Mate931,ช้างทิพย์,King Elephant932,อายิโนะโมะโต๊ะ,Ajinomoto933,ทาเบรุ,Taberu934,คิคโคแมน,Kikkoman935,เคอร์รี่ เฮาส์,Curry House936,คินซัน,Kinzan937,เคนอิจิ ไม,Kenichi Mai938,พิกุลแก้ว,Pikulkaew939,คนแบกกุ้ง,Konbakkung940,จังโก้,Django941, ง่วนเชียง,Nguan-Shiang942,หอยหลอด,RazorClam943,นกพิราบ,Pigeon944,ซูเปอร์ซีเชฟ,Super-C-Chef945,ไบโอแมท,Biomat946,แม็คโคร,Makro947,แอดวานซ์ไบโอ,Advance BIO948,เฟสท์,Fest949,เกรซซิลเปิล,Gracs Simple950,ซุปเปอร์แวร์,Superware951,แอคคอร์ด,Aaccord952,ทายาส,Tayas954,เหยี่ยว,Falcon955,เอล ชาร์โร,EL Charro956,ซือดะ,Serda957,ซัมเมอร์,Zummer959,คูลโคโค่,Cool Koko961,กูลิโกะ,Glico962,ซันควิก,Sunquick966,ฟีโอนิกซ์,Feonix967,เรเซอร์,Racer968,โอเชี่ยน,Ocean969,โพลี่ไบร์ท,Poly Brite970,ซูปเปอร์แคท,Supercat971,ฮีโร่,Hero972,เอส แอนด์ ดับบิว,S&W973,เฮ้าส์ฟู๊ด,House Foods974,โกลเด้น แพน,Golden Pan975,บอนกาแฟ,Bon Caf?976,เอเจ,AJ977,ชัวร์,Sure978,สตัดดี้,Study979,ห้าดาว,Five Stars980,ปาร์ตี้ แดรี่,Party Dairy981,ไทเชฟ,Thychef982,ครัววังทิพย์,KruaWangthip983,เฮอริเทจ,Heritage984,แคนดี้ แชร์,Candy Chair985,แจ็คแอนด์จิลล์,Jack and Jill986,ชีโตส,Chetos988,ดัชมิลล์,Dutch Mill989,โยโมสต์,Yomost990,ดอรี่,Dory991,แคลชีส,Calcheese992,เอส,est994,เจเล่,Jele996,คาลบี้,Calbee997,คาลพิสแลคโตะ,Calpis Lacto998,ชวาร์สคอฟ,Schwarzkopf999,ดูมิลค์,Dumilk1000,ตราชฎา,Tra Chada1001,ตลาดน้ำ,Floating Market1002,ทิพรส,Thipparos1003,ฮานามิ,Hanami1004,อีฟ,If1005,ออง-เทร่,Entr?e1006,สตาร์ทพลัส,Start Plus1007,ยำยำ,YumYum1008,ยูเอฟซี,UFC1009,มาชิตะ,Mashita1010,มังกรคู่,Double Dragon1011,ไอเดีย แมกซ์,Idea Max1012,เบอร์แมน,Berman1013,เพรียว,Preaw1014,แม็กกาเร็ต,McGarrett 1015,แลคตาซิด,Lactacyd1016,โกกิ,Gogi1017,โคโค่แม็ค,Cocomax1018,โปร,Pro1019,กุมิ กุมิ,Gumi Gumi1020,ช็อคกี้,Chocky1021,ซันโว,Sanvo1022,นกขั้วโลก,Polar Birds1023,พอลล่า,Paula1024,ฟูจิซัน,Fujisan1025,มงกุฎเพชร,Mong Kud Phet1027,พริสม่าโปร,Prismapro1028,อเพเซอร์,Apacer1029,ฮาน่า,Hana1030,เฮ้าส์เวิร์ด,House Worth1031,เชฟ,Chef1032,ม้าลาย,Zebra1033,ท็อปโป,Toppo1034,ออกซิเจน,Oxygen1035,ซุปเปอร์,Super1036,เบลจิโอ,Belgioioso1037,ชัวร์วิป,Sure Whip1038,โปรชีส,Prochiz1039,เคซีเอฟ,KCF1040,มือที่ 1,Hand Brand No.11041,ซาโบรโซ่,Sabroso1042,อาซาฮี,Asahi1043,นกอินทรีย์,Eagle brand1044,ไรย์วิต้า,Ryvita1045,เคเอส 505,KS 5051046,ออนเซน,ONZEN1047,นูเทลล่า,Nutella1048,เอสแอนด์บี,S&B1049,มิตเต้,Mitte1050,ซาติน,Satin1051,โตโต้,TOTO1052,ตราสมอ,Anchor brand1053,วิเลดา,Vileda1054,เวอร์ค,Work1055,พอนด์,POND1056,เซ็ปเป้,SAPPE1057,เปปทีน,Peptein1058,เบเนคอล,Benecol1059,เชนการ์ด,Chaingard1060,แคริ่ง,Caring1061,ซิสเท็มมา,Systema1062,เดทตอล,Dettol1063,แวนิช,Vanish1064,ชิลด์ท้อกซ์,Shieldtox1065,สเวนนี่,SWENY 1067,เนสวิต้า,Nesvita1068,ดิวเบอร์รี่,Dewberry1069,ออร่า,Aura1070,เอลเซ่,Ellse1071,ริกลี่ย์,Wrigley1072,เลโมเพลย์,LEMOPLAY1073,เมจิ,Meji1074,ยูไนเต็ดอัลมอนด์,United Almond1075,จี.เอส.ดี,G.S.D1076,มิเนเร่,Minere1077,แบริ่ง,Bearing1078,เพียวฟู้ดส์,Purefoods1079,เภสัชมาดาม,Bhaesaj Madam1080,อีโน,Eno1081,ฟิชเชอร์แมน,Fisherman's1082,โอเลย์,Olay1083,เลอสกิน,Le'skin1084,เคที่ ดอลล์,Cathy Doll1085,สมูทโตะ,SMOOTO1086,โทนี่ โมลี่,Tony Moly1087,ฟูจิ,Fuji1088,เบสท์ โคเรีย,Best Korea1089,เบบี้เลิฟ,BabyLove1090,อาท,ARS1091,3เอ็ม,3M1092,เปา,Pao1093,ฮันนี่ วี,Honei V1094,แฟซ่า,Feather1096,โลแลน,Lolane1097,นิ่มพร,Nimporn1098,ควีน,QUEEN1099,อีโกร่า,Igora1100,พาแคร์,Pacare1101,โอเค เฮอเบิล,OK Herbal1102,ออด๊าซ,Audace1103,มิสเตอร์มัสเซิล,Mr.Muscle1104,แม็กซ์โม่,Maxmo1105,เบลล์,Belle1106,ซิลค์,Zilk1107,สไมล์,Smile1108,ตาตัว,Tatua1109,ฟิลาเดลเฟีย,Philadelphia1110,เจด ดราก้อน,Jade Dragon1111,ดอนเมือง,DM1112,เส้นเงิน,Sen Ngern1113,มงกุฎ,Crown1114,โรเซล ซูพรีม,Roselle Supreme1115,โบราณ,Boran1116,ตรามือ,Tramue1117,แอลคอท,Alcott1118,แบล็คแอนด์เดคเคอร์,Black&Decker1119,คอฟแมน,Coffman1120,โคโค่,COCO1121,แองเจิ้ล,ANGEL1122,นอร์ก้า,NORCA1124,อาทเจ็ท,Ars Jet1125,บรีสพาวเวอร์,Breeze power1126,เนสท์เล่ซีรีแล็ค,Nestle Cerelac1127,พีทีเอ็น,PTN1128,โทฟุซัง,Tofusan1129,นูโอว่า ซิโมเนลลี่,Nuova Simonelli1130,ทไวนิงส์,Twinings1131,ดิลม่า,Dilmah1132,ซัมยัง,Samyang1133,ไพลอต,Pilot1134,เท็กส์,TEX1135,เพนเทล,PENTEL1136,จีซอฟท์,G-SOFT1137,เอส ดอล,S.DOOL1138,ซุปเปอร์ เบลด,SUPER BLADE1139,อีเกิ้ล,Eagle1140,เซลล่า,CELLA1141,คร็อคโค่,Croco1142,แม็กเซฟ,Maxsave1143,เซฟมอร์,Savemor1144,วีนัส,Venus1145,ครีเอตุส,Creatus1146,แคนนอน,Canon1147,โตชิโน่,Toshino1148,โซแนค,Sonax1149,โมเดิร์น เฟอร์นิเจอร์,Modern Furniture1150,ลอรีเอะ,Laurier1151,เดลิช,Delici1152,ดาว่า,Dawa1153,เซอร์คอน,Zircon1154,แม่ครัว,Maekrua1155,มิซาวะ,Misawa1156,เรดดี้,Ready1157,ทาคุมิ,Takumi1158,ฮับเส็ง,Hup Seng1159,บิวติ สริน,Beauti Srin1160,คอฟฟี่ ดรีมเมอร์,Coffee Dreamer1161,ตราต้นน้ำ,Tonnum1162,ทวิสตี้,Twisties1163,ตราฉัตร,Royal Umbrella1164,เคแอนด์เอ็น,K&N1165,มายมิ้นท์,Mymint1166,ศิริชิน,Sirishin1167,อสร.,PFO1168,ป๊อบล็อค,POPLOCK1169,พีเจ,PJ1170,เมเยอร์,Meyer1171,แพ็ท มาร์เก็ตติ้ง,PAT MARKETING1172,แลงเจอร์,Langers1173,แม่กลอง,Mae Klong1174,ป๊อปซีเคร็ต,Pop secret1175,เอเวอเรสต์,Everest1176,แรนซิลิโอ้ ซิลเวีย,Rancilio Silvia1177,คิทเช่นเอท,KitchenAid1178,เฟตาชีส,Feta cheese1179,โฮเรก้า,Horeca1180,ฮอนดาชิ,Hondashi1182,เดลฟี่,Delfi1184,วาซาบิโอ,WASABIO1185,ครีมาท็อป,Krematop1186,แฟร์ มิกซ์,Faire Mix1187,เซ็นโซดายน์,Sensodyne1188,นาทริฟ,Natriv1189,แซมบัค,Zambuk1190,ฟีนิกซ์,Pheonix1191,วีออส,Vios1192,แมวบิน,SuperCat1193,สวอร์ซ,Swash1194,บีแมน,BeMan1195,ธรรมวิทย์,Thummavit1196,แลงนีส,Langnese1197,บรูค,Brook1198,วนาทิพย์,Wanatip1199,ซูซูกิ,Suzuki1200,อควาปานน่า,Acqua Panna1201,โมนิน,Monin1202,แคเรียร์,Carrier1203,มีเดีย,Midea1204,มาร์ติน,Madin1205,ออโต้บอท,Autobot1206,สโตนแวร์,Stoneware1207,สลินดริงค์,Slin Drink1208,อควาเรียส,Aquarius1209,อินสยาม,Insiam1210,ติ่งฟง,Dingfong1211,กู๊ดไทม์,Good Time1212,ดาวค๊อฟฟี่,Dao Coffee1213,สตาร์ อินฟินิติ,STARR INFINITI1216,เอ็มไพร์,EMPIRE1217,ตราทะเลไทย,THAI SEA1218,ยูมิ,YUMI1219,พินน์พลัส,Pinn Plus1221,ดูเร็กซ์,Durex1222,ซุปเปอร์ไฟน์,Super-Find1223,ฟิตเน่,Fitne1224,มิสเตอร์ชู,Mr.chu1225,ริวอง,RIVON1226,ตรานกกระเรียนคู่,Flamingo twins1227,ฟอร์แคร์ บาลานซ์,4CARE BALANCE1228,สกายเวิร์ธ,Skyworth1229,ไมดาส,Midas1230,ซุปเปอร์ล็อค,Super Lock1231,คริสโป,Cresspo1232,ตรางูเห่า,Cobra brand1233,โซลิโต้,Zolito1234,ทูเดย์,Today1235,เลดี้เบิร์ด,Ladybird1236,ชิสป้า,Chizzpa1237,ลิโป้,Lipo1238,บอน,Bon1239,เอ็กซ์วัน,X-ONE1240,เป๊บพาย,PEPPIE1241,โซไลท์,SOLITE1242,ซิมิแลค,Similac1243,ไอโซมิล,Isomil1244,ตรามังกรบิน,Fresh Coffe Mung Korn Bin1245,ตราหัวสิงห์,LION BRAND1246,ตราหอยนางรม,Oyster Brand1247,ระฆังทอง,Golden Bell1248,มิกุ,Miku1249,ทวิสโก้,Twistko1250,ตะวันแดง,Tawandeng1251,อีฟ บูมบูม,If boomboom1252,จิงโจ้,Kangaroo1253,ดับเบิ้ล 5,Double 51254,มาร์วิน,Marvin1255,โอโจ้,OJO1256,โยโย่,YoYo1257,คิสโก้,Kisco1258,ทิคกี้,Ticky1259,ครีม-โอ,Cream-O1260,โลซาน,Lausanne1261,แจ็ค แอนด์ จิลล์,Jack N' Jill1262,เบลคิวบ์,Belcube1263,เคป เมอร์แชนท์,Cape merchant1264,ออร์ก้า,Orca1265,ดับบลิวดี,WD1266,ทีฟาล์ว,Tefal1267,เฟอร์โน่,Ferno1268,กริลล์เมทส์,Grill Mates1269,ยามาโมริ,Yamamori1270,บอร์เนียร์,Bornier1272,เอลซาบอล,EL Sabor1273,แอปเปิ้ล แปซิฟิกโรส,Pacific Rose Apple1274,โซกู๊ด,So Good1275,พริสม่า,Prisma1276,คลอเร็ท,Clorets1277,พิงค์พาย,Pink Pie1279,สกิปปี้,Skippy1280,พร้าวหอม,PraoHom1281,ตราฉัตรเพชร,Royal Umbrella1282,ตราซื่อสัตย์,Suesat1283,เอเวอร์เซ้นส์,Eversense1284,เอ็กซ์ซิท,Exit1285,ใกล้ชิด,Close Up1286,นิ้ง,Nink1287,ไฟท์,Fight1288,สมัคเกอร์,Smucker's1289,เฟอร์มิพัน,Fermipan1290,คาสเทลโล,Castello1291,ฮาร์ทติ เบเนคอล,Hearti Benecol1292,เค็นโกะ,Kenko1293,กรีนสวีท,Green Sweet1294,อีเอฟเอส,EFS1295,ดาร์ลิ่ง,Darling1296,สมาร์ท,Smart1297,นิวสตอม,Newstorm1298,เซร่า,Sera1300,ยูเนียน,Union1301,ฟาฟา,FAFA1302,ริคุ,Riku1304,ไซออส,Syoss1305,ดีแคช,Dcash1306,แทลเลย์ส,Talley’s1307,มหาชนก,Mahachanok1308,ฟรากาตา,Fragata1309,ผึ้งทอง,Pueng tong1310,จิมมี่,Jimmi1311,ลามาร์เกอริตา,La Margherita1312,เรียลแคลิฟอร์เนียมิลค์,Real California Milk1313,กุหลาบแดง,Red Rose1314,เอ็มสปอร์ต พลัส,M-Sport Plus1315,วอสส์,Voss1316,เซลเตอร์ส,Selters1317,Rhoenspudel,Rhoenspudel1318,ลีกุมกี่แพนด้า,Lee Kum Kee Panda1319,ตราชั่ง,Tra Chang1320,ปรุงทิพย์,Prung Thip1321,แม่จินต์,MAE JIN1322,เนเชอเรล,Naturel1323,แฟมิเลีย,Familia1324,เบสท์โอเดอร์,BEST ODOUR1325,บีไอเอฟ,B.I.F.1326,เชอร์รี่,Cherri1327,คัสสันบัวตี้,CUSSON BEAUTH1328,แฮนดี้แมน,HANDYMAN1329,เซ็นคลีน,CENCLEAN1331,รถพยาบาล,AMBULANCE1332,เอทีเอ็ม,ATM1333,เกลด,Glade1334,มิกซ์,MIXZ1335,เอเวอร์กรีน,EVERGREEN1336,มาโอจิ,MA-O-JI1337,ตราปูจ๋า,POO JA1338,ดีมอลต์,DMALT1339,เจ็นไอ,GEN I1340,โปเต้,Potae1341,ลิโพพลัส,LIPO-PLUS1342,เสวยทิพย์,SAWOEI TIP1343,หยก,Yok1344,ฟูลโอคารีล,FLUOCARILL1345,เมย์เบลลีน,Maybelline1346,ศรีราชา,Sriracha1347,ไวเดอเนส,WILDERNESS1348,พอลลีน,Pouly1349,บุชเชอร์,BUCHER1350,เฟรสแรป,Fresh Wrap1351,แซนนิทาเรียม,Sanitarium1352,คาอิโซ,KA-E-SO1353,ไซเอนซ์ ไดเอท,Science Diet1354,เพียวริน่าวัน,Purina One1355,แฟนซี ฟีสต์,Fancy Feast1356,มอนเจ้ เฟรช,Monge Fresh1357,โปรแพลน,PRO PLAN1358,เทสต์ ออฟ เดอะ ไวลด์,Taste of the Wild1359,รอยัลคานิน,Royal Canin1360,เจช้อยส์,J'S CHOICE1361,ด็อกเอ็นจอย,Dog'njoy1362,แค็ทเอ็นจอย,Cat'n Joy1363,เค-ซี,K-SY1364,แคทอะโฮลิค,Cataholic1365,จินนี่,Jinny1366,เชา ชูหรุ,CIAO CHU-RU1367,ซาซามิ เจอร์กี้,SASAMI JERKY1368,ทีม,Team1369,โพลี่,Poly1370,ทานีตะ,Tanita1371,เพาเวอร์แบ๊งก์,Power Bank1372,รีช,REACH1373,ซันฟอเรสต์,Sunforest1374,เทอร์มา พลาสท์,Therma Plast1375,โบตัน,BOTAN1376,เดย์ซอฟท์,DAYSOFT1377,ใบไม้ทอง,BAI MAI TONG1378,ผักกาดแดง,RED LETTUCE1379,อินทรีย์แดง,RED EAGLE1380,เชอร์แมน,SHERMAN1381,ไมครอน แวร์,Micron ware1382,คานิคามะโบโกะ,KANIKAMABOKO1383,ตราหงส์,Phoenix1384,ปุ้ยเก่ง,PUYKENG1385,รวมรส,ROUM ROS1386,ซีเซลส์,CHEEZELS1387,ชาโชส,CHACHO'S1388,เฟรนช์,French1389,ลัคกี้เฟลม,Lucky flame1390,คลูพลัส,KOOLPLUS1391,โนริตะ,Norita1392,ตอง-เค,Tonk-KKK1393,แฟร์วีซ่า,Faire Visa1394,โอ้โห,OHO1395,ฮิปโป,Hippo1396,ปืนไขว้,Waugh's Curry1397,เอ็นเนอไจเซอร์,ENERGIZER1398,ไดร์สตาร์,Distar1399,คีย์เวย์,Keyway1400,โอกูร่า,OKURA1401,แดซัง,DAESUNG1402,เมาเทนดิว,Mountain Dew1403,มุตติ,Mutti1404,มาโซลา,Mazola1405,ฮาร์เว่ย์เฟรช,HARVERFRESH1406,นิโคนิโค,NICO-NICO1407,คาราด้า,Carada1408,ลิโพ,LIPO1409,ไทยเท,THAITEH1410,โคคา,COCA1411,พาโรคอนแทกซ์,PARODONTAX1412,วิเศษนิยม,VISATNIYOM1413,โอกาโมโต,OKAMOTO1414,วิซ,WHIZ1415,ตราห้ามังกร,Five Dragon1416,บูมเมอร์,BOOMER1417,คอมสเต็ก,COMSTOCK1418,เสือคู่,TWIN TIGER1419,ดราก้อน,Dragon1420,สก็อต,Scotch1421,เปเปอร์ พลัส,Paper Plus1422,ลองบีชไซรัป,LongBeach Syrup